Pre-Mold Training Data,,,,,,
Piece,Expired,Temperature (C),Gas (Ohms),Humidity (%),Pressure (hPa),Voltage
1,0,25.43,21368.94825,43.174,980.48,1.5899999999
1,0,25.61,19894.31147,43.022,980.48,1.4600000000
1,0,25.62,16926.73896,43.527,980.48,1.7000000000
1,0,25.64,16520.39236,44.612,980.48,1.5500000001
1,0,25.65,17089.4526,45.148,980.47,1.8100000000
1,0,25.71,17199.67751,47.235,980.48,1.7499999999
1,0,25.73,17997.75028,47.659,980.5,1.6000000000
1,0,25.74,18385.5214,48.025,980.52,1.8400000000
1,0,25.75,18577.64877,48.342,980.49,1.7700000000
1,0,25.76,18545.34917,48.67,980.5,1.8199999999
1,0,25.78,17907.10688,48.938,980.5,1.7400000000
1,0,25.79,18166.33551,49.219,980.48,1.7600000001
1,0,25.83,13663.53544,51.546,980.48,1.8300000001
1,0,25.84,14489.47249,52.229,980.52,1.7299999999
1,0,25.85,15105.02714,52.387,980.5,1.8400000000
2,0,25.85,20466.90118,45.488,980.5,1.7800000001
2,0,25.85,21136.06341,44.36,980.49,1.7700000000
2,0,25.85,17772.84088,43.83,980.5,1.7100000001
2,0,25.87,13840.83045,48.223,980.5,1.8199999999
2,0,25.87,12794.88205,49.575,980.52,1.8600000000
2,0,25.89,9975.062344,55.088,980.49,1.7900000000
2,0,25.9,9782.940997,56.189,980.52,1.4500000001
2,0,25.9,10050.25126,57.124,980.51,1.7400000000
2,0,25.91,10495.24434,57.74,980.51,1.7499999999
2,0,25.91,10891.7631,58.038,980.5,1.7900000000
2,0,25.92,11061.18216,58.239,980.52,2.1700000000
2,0,25.92,11095.70042,58.526,980.52,1.7200000000
2,0,25.94,10858.50017,59.129,980.53,1.7600000001
2,0,25.94,10759.9193,59.479,980.52,1.7600000001
2,0,25.96,12023.29513,59.931,980.52,1.7000000000
3,0,25.44,64144.32473,31.647,980.45,1.4400000000
3,0,25.44,17185.8217,30.421,980.44,1.4400000000
3,0,25.45,17567.93851,30.425,980.44,1.2300000000
3,0,25.45,16218.9559,31.662,980.43,1.3200000000
3,0,25.46,14276.15436,33.548,980.45,1.1800000000
3,0,25.46,13021.36317,35.878,980.46,1.3299999999
3,0,25.46,12350.44384,38.22,980.46,1.1800000000
3,0,25.45,12043.65826,40.212,980.44,1.2400000001
3,0,25.45,11996.25117,41.844,980.45,1.4400000000
3,0,25.44,11976.0479,43.191,980.46,1.2000000000
3,0,25.44,12016.52272,44.286,980.48,0.7200000001
3,0,25.43,12043.65826,45.238,980.46,1.4400000000
3,0,25.42,12098.29868,46.05,980.47,1.1500000001
3,0,25.42,12057.27204,46.786,980.43,1.2000000000
3,0,25.41,12023.29513,47.433,980.44,1.1600000000
4,0,25.8,40816.32653,30.473,980.48,1.3100000001
4,0,25.8,12216.07177,29.933,980.48,1.4400000000
4,0,25.8,16662.32752,29.46,980.49,1.3100000001
4,0,25.8,20043.84591,29.08,980.5,1.4400000000
4,0,25.79,22590.89305,28.857,980.48,1.2400000001
4,0,25.78,24830.26188,28.857,980.49,1.3499999999
4,0,25.77,25019.54652,28.924,980.49,1.4400000000
4,0,25.74,26981.45025,28.878,980.5,1.4400000000
4,0,25.71,27898.86661,28.65,980.48,1.4400000000
4,0,25.68,30338.94288,28.46,980.48,1.4100000000
4,0,25.66,32413.26918,28.118,980.48,1.4400000000
4,0,25.63,35605.00695,27.766,980.47,1.4400000000
4,0,25.6,35605.00695,27.406,980.48,1.3800000001
4,0,25.57,35427.62247,27.144,980.48,1.4400000000
4,0,25.54,33376.7927,27.104,980.47,1.4400000000
5,0,25.09,52341.03455,46.061,980.48,1.4400000000
5,0,25.12,9702.850212,46.876,980.48,1.4400000000
5,0,25.16,12174.24387,46.5,980.51,1.6200000001
5,0,25.21,12064.09048,45.704,980.5,1.5000000001
5,0,25.25,14124.91724,45.195,980.5,1.5300000000
5,0,25.28,16120.9068,44.133,980.53,1.4900000000
5,0,25.32,17539.0518,43.226,980.51,1.4400000000
5,0,25.35,18417.26619,42.743,980.51,1.4600000000
5,0,25.38,19127.3162,42.548,980.49,1.4500000001
5,0,25.4,19144.48101,42.573,980.5,1.3600000001
5,0,25.43,18181.81818,43.003,980.52,1.4400000000
5,0,25.45,16780.28317,43.781,980.51,1.4500000001
5,0,25.48,15533.98058,44.68,980.53,1.4400000000
5,0,25.51,14324.08236,45.671,980.51,1.4300000001
5,0,25.54,13256.00663,46.699,980.5,1.3999999999
6,0,24.93,57296.32945,32.332,980.5,1.4400000000
6,0,24.94,17625.99835,31.49,980.5,1.4400000000
6,0,24.97,21895.31303,31.031,980.49,1.4400000000
6,0,25.01,26462.68348,30.712,980.52,1.4400000000
6,0,25.05,29622.77251,30.458,980.52,1.6799999999
6,0,25.08,31785.44822,30.224,980.51,1.6300000000
6,0,25.12,35754.18994,29.88,980.49,1.7999999999
6,0,25.15,38635.67763,29.168,980.51,1.8100000000
6,0,25.18,38776.12845,28.536,980.52,1.7499999999
6,0,25.21,35281.14664,28.312,980.51,1.7000000000
6,0,25.23,38988.72982,28.191,980.51,1.6900000001
6,0,25.24,38496.2406,27.804,980.52,1.7700000000
6,0,25.26,31318.81576,27.678,980.5,1.8400000000
6,0,25.27,28998.64069,28.429,980.51,1.8300000001
6,0,25.27,35754.18994,28.674,980.51,1.8100000000
7,0,25.07,33613.44538,44.605,980.48,1.4400000000
7,0,25.07,8776.741635,45.208,980.48,1.4400000000
7,0,25.09,10641.83572,45.752,980.48,1.3100000001
7,0,25.1,12036.86289,45.848,980.48,0.9000000000
7,0,25.12,11404.134,46.444,980.48,1.2799999999
7,0,25.13,11004.12655,47.736,980.48,1.3100000001
7,0,25.14,10858.50017,49.206,980.52,1.3900000000
7,0,25.15,11004.12655,50.565,980.5,1.2799999999
7,0,25.16,11319.41988,51.562,980.52,1.3400000000
7,0,25.17,11989.50918,52.14,980.51,1.3400000000
7,0,25.18,12568.73527,52.334,980.52,1.2799999999
7,0,25.19,13247.77479,52.156,980.52,1.3499999999
7,0,25.2,13849.81606,51.843,980.54,1.4600000000
7,0,25.21,14228.54602,51.504,980.52,1.4400000000
7,0,25.21,14719.41122,51.099,980.51,1.3000000000
8,0,25.17,41170.79447,49.896,980.52,1.4400000000
8,0,25.18,12643.22402,49.931,980.52,1.3999999999
8,0,25.19,13533.5166,49.895,980.53,1.3499999999
8,0,25.2,13141.68378,49.877,980.54,1.2000000000
8,0,25.22,14382.02247,49.456,980.52,1.3700000000
8,0,25.23,16024.03605,48.678,980.54,1.3100000001
8,0,25.23,16940.17999,47.725,980.52,1.3700000000
8,0,25.24,16533.19556,46.98,980.54,1.3200000000
8,0,25.24,17495.8994,46.089,980.54,1.3499999999
8,0,25.24,18135.44914,44.942,980.53,1.3900000000
8,0,25.24,19370.46005,44.038,980.53,1.4100000000
8,0,25.24,19196.16077,43.356,980.54,1.3499999999
8,0,25.24,17967.43403,43.32,980.51,1.3700000000
8,0,25.23,17227.45626,43.761,980.52,1.3100000001
8,0,25.23,17381.85769,44.326,980.53,1.4800000001
9,0,23.73,38357.80641,48.396,980.43,1.3700000000
9,0,23.74,8613.728129,47.132,980.46,1.4400000000
9,0,23.77,10695.18717,46.924,980.44,1.4400000000
9,0,23.8,10759.9193,46.748,980.45,1.4400000000
9,0,23.81,10223.64217,48.968,980.44,1.3400000000
9,0,23.84,10578.5124,50.446,980.43,1.4400000000
9,0,23.88,10992.78598,51.732,980.47,1.4500000001
9,0,23.91,12160.36481,52.64,980.45,1.4400000000
9,0,23.94,10568.0317,53.147,980.46,1.2500000000
9,0,23.97,9615.384615,54.498,980.47,1.1300000000
9,0,24.01,9232.54472,56.103,980.46,1.1899999999
9,0,24.04,9114.212475,57.647,980.49,1.1399999999
9,0,24.07,9075.439592,58.959,980.49,1.1800000000
9,0,24.1,9114.212475,60.025,980.48,1.2200000001
9,0,24.13,9114.212475,60.877,980.49,1.4400000000
10,0,24.19,27972.02797,57.593,980.53,1.2000000000
10,0,24.19,9362.200117,57.094,980.54,1.4400000000
10,0,24.21,9256.58085,57.189,980.54,1.4400000000
10,0,24.23,9445.100354,57.672,980.53,1.4400000000
10,0,24.25,9919.404836,57.789,980.54,1.4400000000
10,0,24.27,10474.63175,57.723,980.54,1.4400000000
10,0,24.29,10981.46877,57.522,980.57,1.1399999999
10,0,24.3,11177.08697,57.395,980.55,1.1600000000
10,0,24.31,11319.41988,57.258,980.56,1.2599999999
10,0,24.33,11283.49788,57.125,980.53,1.0199999999
10,0,24.34,11107.25443,57.155,980.55,1.0400000000
10,0,24.35,10880.65284,57.4,980.53,1.3600000001
10,0,24.36,10738.25503,57.747,980.54,1.2599999999
10,0,24.36,10936.43199,57.943,980.53,1.2200000001
10,0,24.37,11355.57133,57.651,980.54,1.3800000001
11,0,25.1,34820.45702,42.831,980.52,1.7000000000
11,0,25.12,8128.016256,45.688,980.5,1.6200000001
11,0,25.14,11367.67318,46.904,980.49,1.1700000001
11,0,25.16,12407.91004,46.602,980.51,1.2599999999
11,0,25.18,15545.29998,46.222,980.51,1.3000000000
11,0,25.2,14749.94238,45.325,980.51,1.4400000000
11,0,25.21,14134.27562,45.561,980.52,1.4100000000
11,0,25.22,15083.66722,45.674,980.51,1.2700000000
11,0,25.22,16096.57948,45.456,980.53,1.4400000000
11,0,25.22,15928.32255,45.021,980.53,1.2599999999
11,0,25.22,15717.09234,44.796,980.53,1.2599999999
11,0,25.22,15602.14529,45.07,980.51,1.0800000000
11,0,25.21,15810.27668,45.592,980.53,1.3600000001
11,0,25.2,15869.08009,45.567,980.54,1.2799999999
11,0,25.19,16793.49252,45.651,980.53,1.4400000000
12,0,24.89,49145.70935,41.832,980.49,1.4400000000
12,0,24.89,18166.33551,40.34,980.5,1.3400000000
12,0,24.89,18790.36994,39.535,980.49,1.2700000000
12,0,24.9,16584.60741,40.253,980.49,1.3000000000
12,0,24.9,14935.82264,42.036,980.49,1.4400000000
12,0,24.89,14821.6767,44.103,980.51,1.2799999999
12,0,24.88,15180.26565,45.812,980.53,1.4400000000
12,0,24.87,16108.73395,47.024,980.52,1.1899999999
12,0,24.85,18417.26619,47.563,980.52,1.1899999999
12,0,24.84,18740.84919,46.595,980.49,1.3299999999
12,0,24.82,16406.04973,46.424,980.49,1.4699999999
12,0,24.8,14247.5512,47.04,980.49,1.2000000000
12,0,24.78,14770.36695,48.013,980.5,1.2900000001
12,0,24.75,19820.37783,47.633,980.51,1.3100000001
12,0,24.73,22906.22763,45.449,980.52,1.3000000000
13,0,24.19,55652.17391,35.363,980.48,1.4400000000
13,0,24.19,14440.43321,38.915,980.49,1.4400000000
13,0,24.21,15880.8933,41.276,980.49,1.4400000000
13,0,24.23,15602.14529,43.022,980.48,1.2400000001
13,0,24.24,15201.90024,44.731,980.48,1.1500000001
13,0,24.26,13867.82232,46.366,980.48,1.2200000001
13,0,24.27,12605.86961,48.247,980.49,1.3000000000
13,0,24.28,13280.76364,49.791,980.48,1.1200000001
13,0,24.28,18840.15308,49.525,980.48,1.4400000000
13,0,24.29,21262.45847,47.369,980.48,1.4400000000
13,0,24.29,18840.15308,46.281,980.52,1.6400000001
13,0,24.29,15556.63588,46.537,980.51,1.3299999999
13,0,24.29,13077.23743,47.94,980.52,1.4400000000
13,0,24.29,11969.3286,49.933,980.52,1.4699999999
13,0,24.29,11235.95506,52.051,980.52,1.3400000000
14,0,24.14,32661.39321,56.548,980.52,1.4400000000
14,0,24.14,14324.08236,54.772,980.51,1.4400000000
14,0,24.14,15545.29998,52.142,980.49,1.4400000000
14,0,24.15,14977.76738,51.125,980.54,1.4400000000
14,0,24.16,15073.00989,50.749,980.53,1.1600000000
14,0,24.16,16886.54354,50.225,980.53,1.4400000000
14,0,24.16,18385.5214,49.131,980.53,1.4400000000
14,0,24.16,20506.248,47.562,980.52,1.1899999999
14,0,24.15,21433.35566,46.039,980.53,1.3800000001
14,0,24.15,21895.31303,44.93,980.53,1.4400000000
14,0,24.15,21940.34967,44.092,980.49,1.4400000000
14,0,24.14,22448.26377,43.437,980.49,1.3000000000
14,0,24.14,23054.75504,42.729,980.49,1.4400000000
14,0,24.14,22662.88952,42.141,980.49,1.2900000001
14,0,24.13,23516.44314,41.941,980.49,1.3600000001
15,0,23.92,66701.40698,37.402,980.48,1.4400000000
15,0,23.92,16873.18745,38.639,980.47,3.3800000001
15,0,23.95,15533.98058,39.573,980.46,1.4800000001
15,0,23.97,13231.34174,41.883,980.48,1.4400000000
15,0,24,12802.56051,44.508,980.46,1.4500000001
15,0,24.04,12688.34259,46.459,980.5,1.4400000000
15,0,24.07,12643.22402,47.848,980.48,1.3400000000
15,0,24.09,12502.44188,48.839,980.5,1.4400000000
15,0,24.12,12546.5595,49.557,980.48,1.4400000000
15,0,24.14,12422.36025,50.022,980.48,1.4400000000
15,0,24.17,12718.60095,50.407,980.52,1.4500000001
15,0,24.19,13813.94345,50.606,980.51,1.4400000000
15,0,24.21,15410.54659,50.108,980.5,1.4400000000
15,0,24.23,19968.79875,49.263,980.49,1.4400000000
15,0,24.25,21872.86398,46.916,980.49,1.4400000000
16,0,24.37,51057.04029,48.806,980.49,1.3600000001
16,0,24.38,17269.29304,47.075,980.48,1.4400000000
16,0,24.4,22330.7746,44.755,980.48,1.4400000000
16,0,24.43,23516.44314,42.656,980.5,1.4400000000
16,0,24.45,25666.73351,41.339,980.5,1.3400000000
16,0,24.48,24100.92261,40.708,980.49,1.3400000000
16,0,24.5,25697.65107,40.634,980.48,1.2099999999
16,0,24.52,29117.37944,40.4,980.48,1.3200000000
16,0,24.53,29871.64527,39.991,980.48,1.3200000000
16,0,24.55,27538.72633,39.951,980.48,1.3100000001
16,0,24.56,25790.85231,40.247,980.47,1.3200000000
16,0,24.57,27735.64464,40.448,980.5,1.2099999999
16,0,24.58,30490.70986,40.06,980.49,1.3999999999
16,0,24.58,31738.16018,39.463,980.48,1.3800000001
16,0,24.59,30403.80048,39.194,980.48,1.4400000000
17,0,24.03,70855.24495,33.99,980.45,1.4400000000
17,0,24.04,14801.11008,36.591,980.43,1.4400000000
17,0,24.07,17892.08834,38.12,980.44,1.3999999999
17,0,24.1,23686.1584,38.181,980.42,1.2700000000
17,0,24.13,28841.82064,36.867,980.41,0.8799999999
17,0,24.15,29177.1142,35.577,980.44,1.4400000000
17,0,24.18,20506.248,35.324,980.42,1.3200000000
17,0,24.2,16597.51037,36.97,980.42,1.3400000000
17,0,24.23,16833.24566,38.705,980.4,1.2500000000
17,0,24.25,17625.99835,39.66,980.42,1.2300000000
17,0,24.27,18923.71378,40.231,980.41,1.2200000001
17,0,24.29,19282.91654,40.443,980.43,1.3900000000
17,0,24.31,19857.27583,40.773,980.4,1.6700000000
17,0,24.32,18890.20071,41.151,980.4,1.2799999999
17,0,24.34,17787.65981,41.869,980.41,1.2300000000
18,0,24.33,51364.36597,43.214,980.43,1.8300000001
18,0,24.34,16108.73395,43.709,980.42,1.3299999999
18,0,24.36,16169.78272,44.297,980.43,1.1300000000
18,0,24.38,18073.9904,44.631,980.43,1.2799999999
18,0,24.4,21761.30568,43.947,980.44,1.2200000001
18,0,24.41,24488.23417,42.751,980.43,1.5899999999
18,0,24.43,25837.7069,41.614,980.46,1.1700000001
18,0,24.44,25853.36296,40.826,980.44,1.2099999999
18,0,24.46,26283.36756,40.356,980.45,1.3400000000
18,0,24.47,25543.80363,40.048,980.47,1.2300000000
18,0,24.48,24155.50104,39.926,980.46,1.2900000001
18,0,24.49,19583.84333,40.605,980.47,1.2300000000
18,0,24.5,17283.28382,42.016,980.46,1.2599999999
18,0,24.51,16967.12619,43.29,980.48,1.2099999999
18,0,24.51,20887.72846,43.677,980.47,1.2099999999
19,0,24.3,66441.73371,33.499,980.41,0.0099999999
19,0,24.31,15602.14529,35.645,980.39,1.4400000000
19,0,24.33,21563.34232,36.739,980.41,1.4400000000
19,0,24.36,25620.4964,36.252,980.39,1.4500000001
19,0,24.39,29976.5808,35.517,980.39,1.2099999999
19,0,24.42,33481.55899,35.076,980.37,1.1500000001
19,0,24.45,34069.73649,34.419,980.42,1.4400000000
19,0,24.48,34454.91252,33.909,980.4,1.4400000000
19,0,24.51,27990.37831,33.74,980.41,1.4400000000
19,0,24.53,19931.48552,35.088,980.41,1.4400000000
19,0,24.54,17311.33351,37.43,980.39,1.3100000001
19,0,24.56,17847.18349,39.014,980.39,1.2500000000
19,0,24.57,18856.80613,39.736,980.43,1.4300000001
19,0,24.58,19765.28721,40.198,980.41,1.2200000001
19,0,24.59,21828.10368,40.624,980.43,1.4199999999
20,0,24.51,59911.06951,40.708,980.46,1.4400000000
20,0,24.51,17684.44322,41.488,980.44,1.4400000000
20,0,24.53,23979.01836,40.694,980.44,1.4400000000
20,0,24.54,26862.53935,39.095,980.42,1.4400000000
20,0,24.56,30688.08439,37.723,980.43,1.8800000001
20,0,24.58,30710.17274,36.587,980.44,1.4400000000
20,0,24.6,35106.96654,36.147,980.43,1.4600000000
20,0,24.63,35965.15875,35.601,980.45,1.4400000000
20,0,24.65,40353.08953,35.118,980.43,1.4400000000
20,0,24.67,44943.82022,34.173,980.42,1.3700000000
20,0,24.69,47904.19162,33.144,980.42,1.4400000000
20,0,24.71,49316.12406,32.224,980.45,1.4400000000
20,0,24.72,49032.75235,31.425,980.45,1.4400000000
20,0,24.74,41898.527,30.966,980.42,1.4400000000
20,0,24.75,44568.24513,30.852,980.43,1.4400000000
21,0,26.7,53792.81362,42.892,980.47,0.3500000000
21,0,26.69,12864.32161,43.227,980.48,1.1700000001
21,0,26.69,13053.23271,43.081,980.48,1.1500000001
21,0,26.69,12726.18811,43.416,980.49,1.2500000000
21,0,26.68,13157.89474,44.133,980.46,1.1000000001
21,0,26.67,13654.78984,44.695,980.45,1.2099999999
21,0,26.65,14988.2904,44.848,980.47,0.8500000000
21,0,26.63,16507.60898,44.229,980.45,1.0800000000
21,0,26.61,17130.62099,43.736,980.45,1.1100000000
21,0,26.58,16846.53856,43.642,980.47,1.1100000000
21,0,26.56,16953.64238,43.661,980.49,1.1700000001
21,0,26.53,17007.70662,43.622,980.47,1.1700000001
21,0,26.5,18104.66761,43.419,980.49,1.4300000001
21,0,26.47,20138.45186,42.598,980.48,1.1800000000
21,0,26.43,22424.66713,41.408,980.5,1.1800000000
22,0,26.12,76509.26479,37.004,980.48,1.4400000000
22,0,26.11,20253.16456,37.322,980.49,1.4400000000
22,0,26.11,17713.81124,38.236,980.5,1.4400000000
22,0,26.1,16753.9267,39.075,980.46,1.4400000000
22,0,26.09,15062.36762,40.247,980.48,1.1700000001
22,0,26.08,13422.81879,41.981,980.48,1.5199999999
22,0,26.06,13149.78426,44.035,980.48,1.0699999999
22,0,26.04,13611.22926,45.416,980.48,1.3100000001
22,0,26.02,13751.61152,46.278,980.49,1.6300000000
22,0,26,13698.63014,46.942,980.5,1.1100000000
22,0,25.98,13507.8092,47.531,980.52,1.1000000001
22,0,25.95,13585.22607,48.042,980.48,1.1200000001
22,0,25.93,13681.06028,48.379,980.49,1.1800000000
22,0,25.9,13885.87546,48.594,980.5,0.9800000001
22,0,25.88,14078.3106,48.717,980.51,1.3299999999
23,0,28.6,39312.03931,42.222,980.49,1.4400000000
23,0,28.56,10716.67783,38.145,980.49,1.8499999999
23,0,28.52,10174.88076,36.645,980.49,1.4400000000
23,0,28.45,11177.08697,37.912,980.51,1.4400000000
23,0,28.39,11539.84854,39.075,980.52,1.9800000000
23,0,28.32,13949.4333,39.43,980.5,2.0500000000
23,0,28.24,15602.14529,39.077,980.48,1.4400000000
23,0,28.16,18166.33551,38.57,980.49,1.3999999999
23,0,28.09,16145.30777,37.658,980.5,2.4200000008
23,0,28.01,16753.9267,38.409,980.5,1.4400000000
23,0,27.93,18513.1617,37.763,980.48,1.4400000000
23,0,27.86,19248.1203,37.423,980.49,1.4400000000
23,0,27.77,21917.80822,36.303,980.48,1.4400000000
23,0,27.7,24169.18429,35.137,980.48,1.4400000000
23,0,27.63,25697.65107,34.13,980.46,1.4400000000
24,0,26.62,61156.23507,33.365,980.41,1.4400000000
24,0,26.62,17495.8994,33.283,980.44,1.4400000000
24,0,26.61,19076.00596,33.941,980.42,1.1700000001
24,0,26.59,20486.5557,34.386,980.44,1.1700000001
24,0,26.57,21694.91525,34.55,980.44,0.6899999999
24,0,26.55,23659.88909,34.566,980.39,1.1500000001
24,0,26.52,26397.1953,34.033,980.42,1.4500000001
24,0,26.49,24558.71067,33.536,980.42,1.1100000000
24,0,26.46,25822.0698,33.266,980.44,1.1800000000
24,0,26.42,27844.24625,32.869,980.44,1.2900000001
24,0,26.39,31250,32.131,980.44,1.3200000000
24,0,26.36,30490.70986,31.539,980.43,1.2099999999
24,0,26.32,29520.2952,31.375,980.43,1.2300000000
24,0,26.29,33429.09376,31.121,980.45,1.1100000000
24,0,26.26,36394.65454,30.457,980.42,1.1500000001
25,0,27.79,47372.3168,30.791,980.44,1.3200000000
25,0,27.77,15545.29998,29.671,980.44,1.4900000000
25,0,27.75,18244.01368,29.099,980.46,1.4400000000
25,0,27.72,20585.39723,28.847,980.46,1.3999999999
25,0,27.69,15647.92176,29.744,980.48,1.4400000000
25,0,27.64,16330.69661,31.703,980.43,1.3900000000
25,0,27.6,16980.63147,32.959,980.45,1.3499999999
25,0,27.55,16072.32546,34.03,980.47,1.3900000000
25,0,27.5,15126.44765,35.222,980.45,1.3600000001
25,0,27.45,17116.87617,35.759,980.47,1.5000000001
25,0,27.4,20525.97819,35.013,980.47,1.2300000000
25,0,27.35,23516.44314,33.78,980.46,1.2099999999
25,0,27.3,25063.63814,32.921,980.44,1.1000000001
25,0,27.25,27450.1394,32.248,980.46,1.0699999999
25,0,27.2,27101.41859,31.722,980.43,1.1000000001
26,0,26.76,82421.12041,31.852,980.44,1.4400000000
26,0,26.74,21220.15915,33.41,980.43,1.4600000000
26,0,26.73,22638.83976,33.613,980.45,1.5100000000
26,0,26.71,21985.57197,33.653,980.46,1.3499999999
26,0,26.7,20408.16327,33.914,980.46,1.4300000001
26,0,26.67,16610.43343,35.063,980.44,1.4400000000
26,0,26.64,15355.08637,36.876,980.43,1.4400000000
26,0,26.62,14801.11008,38.276,980.45,0.9700000000
26,0,26.58,13733.90558,39.684,980.45,1.3600000001
26,0,26.54,13533.5166,41.314,980.44,1.4400000000
26,0,26.51,13256.00663,42.733,980.45,1.4400000000
26,0,26.47,13439.73121,43.873,980.46,1.1899999999
26,0,26.43,13822.89417,44.623,980.48,1.4400000000
26,0,26.39,14143.64641,45.276,980.47,1.4400000000
26,0,26.36,14050.49396,45.844,980.48,1.4400000000
27,0,24.25,37350.45229,47.9,980.5,1.0899999999
27,0,24.25,10589.0139,49.776,980.5,1.0800000000
27,0,24.26,13490.72513,50.806,980.49,0.9999999999
27,0,24.27,14050.49396,50.748,980.49,1.1100000000
27,0,24.28,13149.78426,51.036,980.48,1.1700000001
27,0,24.29,14499.32034,50.982,980.52,1.1899999999
27,0,24.29,16293.27902,50.053,980.51,1.1600000000
27,0,24.3,17625.99835,49.428,980.5,0.9800000001
27,0,24.3,17510.25992,49.258,980.5,1.0800000000
27,0,24.3,17269.29304,49.52,980.49,1.1300000000
27,0,24.3,18545.34917,49.725,980.5,1.0800000000
27,0,24.29,21199.07254,49.228,980.5,1.1300000000
27,0,24.29,21917.80822,48.356,980.51,1.1500000001
27,0,24.29,23029.86686,47.448,980.47,1.1899999999
27,0,24.28,23686.1584,46.668,980.48,1.1800000000
28,0,24.11,61025.0298,47.166,980.5,1.4500000001
28,0,24.12,13725.0697,48.963,980.48,1.2099999999
28,0,24.13,14883.72093,50.196,980.48,1.3000000000
28,0,24.15,20846.90554,49.206,980.5,1.7299999999
28,0,24.17,25963.48884,46.719,980.5,1.2300000000
28,0,24.18,26058.63192,44.797,980.48,1.2099999999
28,0,24.19,28648.16473,43.343,980.48,1.2900000001
28,0,24.21,30317.38513,41.85,980.46,1.1500000001
28,0,24.22,28082.49232,40.583,980.46,1.2200000001
28,0,24.23,30754.44498,39.813,980.47,1.1399999999
28,0,24.24,33507.8534,38.738,980.45,1.2000000000
28,0,24.26,35904.62833,37.712,980.45,1.1300000000
28,0,24.27,39421.004,36.727,980.44,1.1600000000
28,0,24.29,42567.34287,35.758,980.46,1.1899999999
28,0,24.31,40738.3832,35.105,980.43,1.2300000000
29,0,27.95,29177.1142,32.087,980.52,0.1100000001
29,0,27.95,8849.557522,31.359,980.51,1.4699999999
29,0,27.97,12364.76043,30.93,980.54,1.9600000000
29,0,27.99,15126.44765,30.677,980.54,1.4199999999
29,0,28,17410.22851,30.512,980.53,1.7299999999
29,0,28.01,17787.65981,30.264,980.54,1.4800000001
29,0,28.01,18028.16901,30.703,980.54,1.7700000000
29,0,28,20867.29703,30.626,980.54,1.7900000000
29,0,27.98,22759.60171,29.87,980.52,1.4699999999
29,0,27.97,25713.13781,29.027,980.55,1.2300000000
29,0,27.95,26594.63952,28.339,980.52,1.3499999999
29,0,27.92,26811.89778,27.945,980.5,1.3999999999
29,0,27.9,26677.78241,27.757,980.51,1.2500000000
29,0,27.87,28959.27602,27.699,980.52,1.2200000001
29,0,27.85,30644.00287,27.422,980.53,1.4699999999
30,0,27.42,110798.5285,26.267,980.52,1.4400000000
30,0,27.41,28008.75274,25.737,980.52,1.5800000000
30,0,27.41,27556.51238,26.088,980.52,1.5500000001
30,0,27.4,26561.52729,26.89,980.5,1.3200000000
30,0,27.39,26495.54958,27.65,980.51,1.5199999999
30,0,27.38,22330.7746,28.397,980.48,1.1600000000
30,0,27.36,20785.96947,29.647,980.49,0.9800000001
30,0,27.34,19317.83882,31.054,980.49,1.7499999999
30,0,27.31,20969.85583,32.19,980.5,1.4400000000
30,0,27.28,25543.80363,32.429,980.49,1.3700000000
30,0,27.25,29892.57356,31.778,980.5,1.6799999999
30,0,27.22,28552.30872,31.095,980.48,1.5600000000
30,0,27.19,27135.89146,31.112,980.49,1.6900000001
30,0,27.16,26981.45025,31.437,980.48,1.1000000001
30,0,27.14,29337.61174,31.651,980.5,1.7000000000
31,0,27.32,67922.52587,33.417,980.54,1.4400000000
31,0,27.34,13725.0697,33.707,980.54,1.3999999999
31,0,27.37,13931.21463,34.749,980.54,1.5600000000
31,0,27.4,14489.47249,35.843,980.55,1.4400000000
31,0,27.42,14411.16866,36.823,980.55,1.2599999999
31,0,27.44,15567.98832,37.42,980.53,1.5300000000
31,0,27.46,17539.0518,37.25,980.54,1.3299999999
31,0,27.47,18166.33551,36.992,980.52,1.2599999999
31,0,27.47,18212.86283,36.929,980.55,1.1800000000
31,0,27.47,18957.34597,36.822,980.53,1.3000000000
31,0,27.47,20388.65881,36.376,980.52,1.2200000001
31,0,27.46,21115.14352,35.759,980.53,1.1100000000
31,0,27.45,21347.56504,35.395,980.55,1.3100000001
31,0,27.44,21563.34232,35.188,980.54,1.3000000000
31,0,27.43,21895.31303,35.071,980.56,1.2900000001
32,0,27.21,64875.82362,34.058,980.55,1.1399999999
32,0,27.21,21717.00034,33.349,980.54,1.4400000000
32,0,27.22,25605.12102,32.726,980.53,1.2300000000
32,0,27.23,25019.54652,32.535,980.53,1.0300000001
32,0,27.24,24643.81979,32.976,980.53,1.2300000000
32,0,27.24,28920.01808,32.772,980.53,1.2200000001
32,0,27.24,31976.01799,31.725,980.53,1.2200000001
32,0,27.24,27880.63603,30.912,980.54,1.2000000000
32,0,27.24,23673.01646,31.151,980.54,1.2000000000
32,0,27.23,23858.3411,32.123,980.53,1.1800000000
32,0,27.22,26998.52352,32.467,980.55,1.2400000001
32,0,27.2,28571.42857,31.919,980.53,1.1500000001
32,0,27.19,29622.77251,31.249,980.55,1.1300000000
32,0,27.18,26611.22661,30.807,980.54,1.2400000001
32,0,27.16,21519.8386,31.089,980.54,1.2500000000
33,0,25.51,56876.24972,28.414,980.48,1.4400000000
33,0,25.51,13822.89417,30.956,980.48,1.4400000000
33,0,25.52,16084.44333,32.95,980.49,1.4400000000
33,0,25.53,15786.87716,34.331,980.49,1.1500000001
33,0,25.53,13567.94573,36.234,980.49,1.6599999999
33,0,25.53,12307.69231,38.686,980.5,1.3100000001
33,0,25.52,13894.91967,40.407,980.51,1.3499999999
33,0,25.51,14977.76738,40.826,980.5,1.3000000000
33,0,25.49,17922.15066,41.141,980.5,1.3100000001
33,0,25.48,20195.64531,39.818,980.52,1.4100000000
33,0,25.46,17832.26525,39.259,980.53,1.2799999999
33,0,25.44,14588.5571,40.255,980.54,1.3100000001
33,0,25.42,13751.61152,42.107,980.55,1.2799999999
33,0,25.4,15567.98832,43.305,980.51,1.2500000000
33,0,25.37,15355.08637,43.731,980.52,1.3200000000
34,0,25.1,41290.32258,45.663,980.53,1.4400000000
34,0,25.09,12741.38961,46.218,980.52,1.4400000000
34,0,25.08,17510.25992,46.167,980.52,1.4400000000
34,0,25.07,24587.01498,43.562,980.51,1.3999999999
34,0,25.06,27953.70168,40.734,980.54,1.4400000000
34,0,25.05,18577.64877,39.68,980.53,1.3600000001
34,0,25.04,15740.28529,40.89,980.53,1.2400000001
34,0,25.02,13247.77479,42.935,980.56,1.3499999999
34,0,25.01,12314.797,45.256,980.56,1.2700000000
34,0,24.99,12473.2021,47.128,980.53,1.3900000000
34,0,24.97,12665.74312,48.123,980.54,1.3100000001
34,0,24.95,12146.51737,49.008,980.54,1.4199999999
34,0,24.93,11590.00362,49.949,980.55,1.3700000000
34,0,24.91,12216.07177,50.867,980.56,1.4400000000
34,0,24.89,13053.23271,51.388,980.57,0.9200000000
35,0,26.77,46715.32847,44.332,985.8,1.4400000000
35,0,26.8,9098.663634,41.145,985.81,1.4400000000
35,0,26.86,11118.83252,39.334,985.85,1.4400000000
35,0,26.91,13465.17989,38.709,985.83,1.4400000000
35,0,26.95,14022.78703,38.257,985.84,1.4400000000
35,0,26.98,14276.15436,38.505,985.85,1.6000000000
35,0,27,14548.76108,39.023,985.86,1.7000000000
35,0,27.01,13903.97567,39.764,985.87,1.4400000000
35,0,27,13422.81879,40.814,985.85,3.6899999989
35,0,26.99,13322.23147,41.934,985.88,1.4400000000
35,0,26.96,13858.81334,42.71,985.82,1.4400000000
35,0,26.93,14862.98189,42.983,985.85,1.2400000001
35,0,26.89,14304.8726,43.135,985.86,1.8199999999
35,0,26.85,14209.59147,43.974,985.86,1.4400000000
35,0,26.81,13805.00431,44.439,985.84,1.4400000000
36,0,26.37,36519.2582,46.982,985.83,1.4400000000
36,0,26.36,13716.24518,46.55,985.84,2.3800000007
36,0,26.35,16393.44262,45.249,985.82,1.4900000000
36,0,26.33,17103.15339,44.215,985.84,1.6700000000
36,0,26.32,16406.04973,43.813,985.84,1.4400000000
36,0,26.3,15466.40889,44,985.84,1.1000000001
36,0,26.27,15455.20406,44.372,985.85,1.5800000000
36,0,26.25,15522.67766,44.591,985.81,1.6799999999
36,0,26.22,15410.54659,44.875,985.84,1.7000000000
36,0,26.19,15366.14646,45.407,985.83,1.3700000000
36,0,26.16,15278.10933,46.045,985.85,1.2700000000
36,0,26.13,15289.05877,46.641,985.84,1.0300000001
36,0,26.09,15928.32255,47.006,985.82,1.2000000000
36,0,26.06,16243.65482,47.12,985.84,1.2799999999
36,0,26.02,17075.77375,47.015,985.83,0.7700000001
37,0,27.51,45519.20341,52.141,985.88,1.4400000000
37,0,27.49,12650.72149,46.323,985.87,1.4400000000
37,0,27.46,14842.30056,43.241,985.87,1.4400000000
37,0,27.43,17787.65981,41.078,985.88,1.6000000000
37,0,27.4,17640.57332,39.734,985.88,1.9700000001
37,0,27.35,17227.45626,39.485,985.86,2.0400000001
37,0,27.3,17553.48327,39.481,985.85,1.3800000001
37,0,27.25,19352.88781,39.13,985.88,1.4600000000
37,0,27.2,20157.48031,38.465,985.86,1.2300000000
37,0,27.13,19196.16077,38.307,985.87,1.1399999999
37,0,27.07,18974.20694,38.682,985.86,1.8900000000
37,0,27.01,20949.2635,38.713,985.87,1.9199999999
37,0,26.94,24990.23819,37.83,985.82,1.9100000000
37,0,26.88,29057.88876,36.48,985.84,2.0400000001
37,0,26.81,32736.57289,35.034,985.82,2.1100000001
38,0,26.26,103790.7967,34.25,985.81,1.6799999999
38,0,26.25,22543.149,35.258,985.82,1.6799999999
38,0,26.23,21694.91525,36.252,985.82,1.5000000001
38,0,26.21,20826.55386,37.237,985.81,1.4400000000
38,0,26.18,20785.96947,38.176,985.83,1.5100000000
38,0,26.14,19875.7764,38.769,985.84,1.6400000001
38,0,26.1,19041.9518,39.735,985.82,1.6200000001
38,0,26.05,18974.20694,40.452,985.84,1.4300000001
38,0,26.01,19405.70042,40.739,985.83,1.1500000001
38,0,25.96,19248.1203,40.875,985.83,1.5800000000
38,0,25.91,18873.48865,41.198,985.82,1.4199999999
38,0,25.85,18433.17972,41.636,985.84,1.4600000000
38,0,25.8,18181.81818,42.219,985.82,1.4199999999
38,0,25.75,17832.26525,42.909,985.82,1.4600000000
38,0,25.7,17713.81124,43.592,985.85,1.4400000000
39,0,25.07,53156.14618,32.637,985.8,1.4400000000
39,0,25.06,12293.50749,34.078,985.8,1.2099999999
39,0,25.06,15857.28444,35.306,985.78,1.4400000000
39,0,25.05,17728.53186,35.412,985.79,1.8400000000
39,0,25.04,16456.67267,35.955,985.78,1.5500000001
39,0,25.02,14362.65709,37.406,985.81,1.3000000000
39,0,25,14171.83348,39.208,985.82,1.2400000001
39,0,24.98,16355.73729,40.046,985.8,1.1100000000
39,0,24.96,17611.44744,40.056,985.81,1.1600000000
39,0,24.94,19583.84333,40.066,985.79,1.2300000000
39,0,24.92,23925.23364,39.606,985.8,1.2000000000
39,0,24.89,26964.39857,38.746,985.81,1.2500000000
39,0,24.87,26694.47341,38.066,985.83,1.5600000000
39,0,24.85,24320.72962,37.947,985.84,1.1800000000
39,0,24.83,21717.00034,38.315,985.82,1.3900000000
40,0,24.51,56914.18408,41.536,985.83,1.4400000000
40,0,24.51,16753.9267,41.877,985.84,1.4400000000
40,0,24.51,19388.06422,41.906,985.84,1.4400000000
40,0,24.51,22354.17394,41.343,985.84,1.6200000001
40,0,24.51,17339.4744,41.193,985.84,1.6099999999
40,0,24.5,13533.5166,43.095,985.83,1.3299999999
40,0,24.48,12023.29513,45.704,985.83,1.2200000001
40,0,24.46,12473.2021,47.948,985.85,1.8400000000
40,0,24.44,14295.28702,48.952,985.86,1.8400000000
40,0,24.41,14499.32034,49.392,985.85,1.4400000000
40,0,24.38,14153.02963,49.95,985.84,1.4400000000
40,0,24.35,14032.01052,50.522,985.86,1.7100000001
40,0,24.32,14266.60722,51.115,985.85,1.4400000000
40,0,24.28,13355.59265,51.495,985.82,1.5199999999
40,0,24.25,12077.75052,52.285,985.84,1.3600000001
41,0,25.62,39900.24938,42.303,985.87,3.4200000002
41,0,25.62,13223.1405,39.601,985.87,1.4400000000
41,0,25.61,11704.46233,39.022,985.87,1.3999999999
41,0,25.59,12209.0805,41.025,985.87,1.2799999999
41,0,25.57,12286.42734,43.049,985.88,1.2500000000
41,0,25.54,11962.61682,44.911,985.88,1.1300000000
41,0,25.51,11490.12567,46.609,985.88,1.2000000000
41,0,25.47,11004.12655,48.11,985.9,1.3299999999
41,0,25.42,10610.07958,49.543,985.91,1.5500000001
41,0,25.38,10454.09997,50.871,985.9,1.2300000000
41,0,25.33,10312.60071,52.005,985.9,1.8900000000
41,0,25.28,10021.92296,53.039,985.92,1.8100000000
41,0,25.23,9910.188913,53.858,985.9,1.4400000000
41,0,25.18,9919.404836,54.54,985.91,1.9899999999
41,0,25.13,9910.188913,55.122,985.91,1.3700000000
42,0,24.61,29438.82245,57.557,985.95,1.3499999999
42,0,24.6,9153.318078,57.805,985.93,1.6400000001
42,0,24.59,9353.990061,58.115,985.95,1.4400000000
42,0,24.58,9504.009504,58.439,985.94,1.4400000000
42,0,24.56,9520.9759,58.767,985.92,1.4400000000
42,0,24.53,10673.78252,58.907,985.94,1.4400000000
42,0,24.5,12023.29513,58.105,985.92,1.5899999999
42,0,24.47,13206.76847,56.941,985.94,0.9700000000
42,0,24.44,13681.06028,55.511,985.95,1.5700000001
42,0,24.42,12771.90182,54.636,985.94,1.6500000000
42,0,24.39,12188.15464,54.629,985.96,1.5800000000
42,0,24.36,12043.65826,54.988,985.95,1.5199999999
42,0,24.33,12160.36481,55.375,985.95,1.4699999999
42,0,24.3,12286.42734,55.624,985.97,1.5500000001
42,0,24.26,12300.59581,55.763,985.93,1.7299999999
43,0,23.04,45325.77904,36.698,986.07,1.4400000000
43,0,23.07,5684.846331,36.156,986.06,2.4300000002
43,0,23.1,6299.212598,36.892,986.07,1.4500000001
43,0,23.14,8416.62283,38.051,986.07,1.6900000001
43,0,23.17,9615.384615,38.479,986.07,1.7299999999
43,0,23.2,10792.5801,39.098,986.09,1.8600000000
43,0,23.23,11026.87802,40.036,986.08,1.8100000000
43,0,23.25,11118.83252,41.525,986.08,1.7400000000
43,0,23.27,10631.22924,43.2,986.08,1.8199999999
43,0,23.28,10443.86423,45.018,986.07,1.7100000001
43,0,23.28,10547.1325,46.626,986.09,1.8199999999
43,0,23.28,11188.81119,47.835,986.1,1.7499999999
43,0,23.28,11691.63318,48.611,986.08,1.8699999999
43,0,23.27,12209.0805,49.216,986.09,1.7600000001
43,0,23.26,12422.36025,49.78,986.11,1.7299999999
44,0,23.04,40012.50391,51.598,986.14,1.9300000000
44,0,23.04,13166.01522,50.925,986.13,1.9500000001
44,0,23.05,14699.12724,50.383,986.13,1.5300000000
44,0,23.05,15590.743,50.025,986.13,1.9000000001
44,0,23.05,16330.69661,49.817,986.12,2.0099999999
44,0,23.05,17625.99835,49.593,986.14,2.0099999999
44,0,23.04,19565.88199,48.895,986.13,1.4400000000
44,0,23.03,21585.1602,47.74,986.14,1.6000000000
44,0,23.02,22168.34084,46.67,986.11,1.7499999999
44,0,23,21178.0278,45.838,986.12,1.6599999999
44,0,22.99,19423.36874,45.576,986.12,1.6799999999
44,0,22.98,17713.81124,45.695,986.12,1.8900000000
44,0,22.97,16714.54688,46.143,986.13,2.1299999999
44,0,22.96,16133.09806,46.75,986.13,1.4400000000
44,0,22.94,15833.74567,47.458,986.14,1.9199999999
45,0,24.64,51706.72591,39.677,986.13,3.0299999989
45,0,24.65,11465.42458,40.933,986.15,1.4400000000
45,0,24.66,14401.44014,42.097,986.13,1.4400000000
45,0,24.66,19110.18214,41.471,986.14,1.4400000000
45,0,24.67,20565.5527,40.2,986.14,1.4400000000
45,0,24.67,18089.316,40.027,986.14,1.5500000001
45,0,24.66,15904.57256,41.163,986.14,1.2400000001
45,0,24.66,14450.2145,43.084,986.14,1.1399999999
45,0,24.64,13958.56052,45.176,986.14,1.4400000000
45,0,24.62,13813.94345,46.931,986.17,1.4400000000
45,0,24.6,13813.94345,48.446,986.17,1.4199999999
45,0,24.58,13885.87546,49.712,986.16,1.4500000001
45,0,24.55,13858.81334,50.785,986.15,1.5700000001
45,0,24.52,13778.25619,51.691,986.14,1.5000000001
45,0,24.49,13681.06028,52.463,986.17,1.2700000000
46,0,24.04,38461.53846,56.058,986.22,1.7600000001
46,0,24.04,12160.36481,55.982,986.22,1.4400000000
46,0,24.04,13305.61331,55.429,986.22,1.5500000001
46,0,24.03,13913.04348,54.791,986.23,1.4400000000
46,0,24.03,14382.02247,54.224,986.21,1.4500000001
46,0,24.01,14548.76108,53.761,986.23,1.3800000001
46,0,24,14862.98189,53.514,986.2,1.3999999999
46,0,23.98,14699.12724,53.395,986.2,1.3700000000
46,0,23.96,14578.5877,53.366,986.21,1.4300000001
46,0,23.94,14780.60046,53.29,986.21,1.4900000000
46,0,23.91,15201.90024,53.221,986.22,1.1399999999
46,0,23.89,15590.743,53.234,986.2,1.4900000000
46,0,23.86,15857.28444,53.34,986.18,1.5199999999
46,0,23.83,16558.86158,53.38,986.19,1.4600000000
46,0,23.81,18073.9904,52.956,986.18,1.3400000000
47,0,24.2,59327.92584,39.962,986.14,3.5599999993
47,0,24.22,15786.87716,38.215,986.12,0.0000000000
47,0,24.28,16343.20735,37.704,986.13,1.2400000001
47,0,24.33,19076.00596,38.039,986.17,1.4400000000
47,0,24.38,21031.87644,38.044,986.17,0.8799999999
47,0,24.42,22543.149,38.032,986.16,1.8600000000
47,0,24.45,25152.28925,37.974,986.19,1.6099999999
47,0,24.48,26578.07309,37.804,986.18,1.8300000001
47,0,24.5,27574.32141,37.532,986.17,1.6500000000
47,0,24.51,29038.11252,37.132,986.18,1.5199999999
47,0,24.52,30578.11753,36.615,986.16,1.4400000000
47,0,24.52,32120.45169,36.072,986.16,1.4400000000
47,0,24.52,32736.57289,35.663,986.16,1.4400000000
47,0,24.52,32048.07211,35.507,986.17,1.2500000000
47,0,24.51,29997.65643,35.599,986.18,1.4900000000
48,0,24.23,73352.43553,42.647,986.17,1.8400000000
48,0,24.23,18104.66761,43.73,986.17,1.8499999999
48,0,24.23,18166.33551,44.578,986.18,1.7900000000
48,0,24.23,17832.26525,45.317,986.18,1.7200000000
48,0,24.23,17495.8994,45.953,986.19,1.6599999999
48,0,24.22,17699.11504,46.399,986.17,1.8100000000
48,0,24.21,18166.33551,46.639,986.2,1.7999999999
48,0,24.2,18642.58666,46.747,986.2,1.7900000000
48,0,24.18,18856.80613,46.799,986.2,1.6200000001
48,0,24.16,18923.71378,46.873,986.2,1.5500000001
48,0,24.14,19265.50271,46.89,986.18,1.5899999999
48,0,24.12,19801.9802,46.792,986.2,1.7100000001
48,0,24.1,20138.45186,46.68,986.2,1.7900000000
48,0,24.08,19968.79875,46.585,986.22,1.4300000001
48,0,24.06,19765.28721,46.569,986.23,1.7900000000
49,0,22.75,79725.94207,32.09,986.2,1.4400000000
49,0,22.76,16675.35175,32.288,986.2,1.4400000000
49,0,22.77,15988.00899,34.909,986.2,3.2900000006
49,0,22.78,18823.52941,37.964,986.19,1.4400000000
49,0,22.79,17381.85769,40.475,986.21,1.7700000000
49,0,22.79,19820.37783,42.446,986.21,1.5800000000
49,0,22.79,23673.01646,42.912,986.21,1.1899999999
49,0,22.79,25361.60095,42.686,986.21,1.3299999999
49,0,22.79,25822.0698,42.534,986.21,1.4400000000
49,0,22.79,26644.46295,42.341,986.21,1.4400000000
49,0,22.79,28978.94499,41.837,986.2,1.2500000000
49,0,22.79,30295.85799,41.119,986.21,1.4400000000
49,0,22.79,30932.81779,40.596,986.21,1.6599999999
49,0,22.78,29725.96377,40.248,986.19,1.4500000001
49,0,22.78,28783.44952,40.18,986.2,1.1800000000
50,0,22.57,83550.91384,43.892,986.21,1.4400000000
50,0,22.57,21454.91116,44.621,986.19,1.4400000000
50,0,22.58,24087.31652,44.959,986.2,1.4400000000
50,0,22.59,24558.71067,45.148,986.21,1.2200000001
50,0,22.6,21498.1525,45.578,986.2,1.5100000000
50,0,22.61,18724.40023,46.558,986.24,1.5500000001
50,0,22.62,17832.26525,47.597,986.24,1.4400000000
50,0,22.62,17625.99835,48.614,986.24,1.4400000000
50,0,22.62,16443.98767,49.829,986.24,1.6400000001
50,0,22.62,15590.743,51.048,986.24,1.5100000000
50,0,22.62,14967.25912,52.15,986.25,1.5700000001
50,0,22.61,14842.30056,53.173,986.24,1.4600000000
50,0,22.61,15511.39118,53.948,986.26,1.4900000000
50,0,22.61,15625,54.396,986.22,1.3000000000
50,0,22.6,16048.14443,54.613,986.22,1.3499999999
551,0,22.2,63100.81341,37.809,986.22,3.5800000005
551,0,22.21,19583.84333,37.837,986.21,1.4400000000
551,0,22.23,21178.0278,38.321,986.2,1.4400000000
551,0,22.25,23477.62289,39.065,986.19,1.4900000000
551,0,22.28,28119.50791,39.627,986.21,1.4400000000
551,0,22.3,29997.65643,39.73,986.2,1.4400000000
551,0,22.33,30338.94288,39.909,986.21,1.4400000000
551,0,22.36,29317.45305,40.29,986.21,1.6300000000
551,0,22.39,28419.18295,40.971,986.2,1.4400000000
551,0,22.41,25107.88545,41.594,986.21,1.3800000001
551,0,22.44,20447.28435,42.848,986.21,1.4400000000
551,0,22.46,18890.20071,44.378,986.21,1.4400000000
551,0,22.47,16980.63147,46.06,986.25,1.4400000000
551,0,22.49,16024.03605,47.532,986.25,1.6599999999
551,0,22.5,15223.59657,48.864,986.23,1.3100000001
52,0,22.5,57722.66065,45.315,986.25,1.4400000000
52,0,22.5,22030.98107,43.725,986.24,1.5000000001
52,0,22.51,30146.01978,42.476,986.25,0.0700000000
52,0,22.53,30167.33443,41.274,986.21,1.5800000000
52,0,22.54,23712.48611,40.959,986.22,1.3700000000
52,0,22.55,20349.76153,41.576,986.23,1.4400000000
52,0,22.56,21962.93754,42.072,986.22,1.4400000000
52,0,22.57,26332.03045,41.985,986.21,1.4400000000
52,0,22.57,31928.16164,41.32,986.23,1.2700000000
52,0,22.58,31928.16164,40.666,986.23,1.2700000000
52,0,22.58,28100.98793,40.631,986.22,1.2599999999
52,0,22.58,23752.08759,41.236,986.21,1.2799999999
52,0,22.59,21283.67143,42.155,986.21,1.3600000001
52,0,22.59,24460.1567,42.674,986.23,1.2700000000
52,0,22.59,30061.06153,42.383,986.24,1.2000000000
53,0,23.99,103038.8408,44.237,986.24,1.4400000000
53,0,23.99,20043.84591,42.059,986.26,1.4400000000
53,0,24.01,19352.88781,40.661,986.23,1.4400000000
53,0,24.02,22377.62238,40.236,986.26,1.4400000000
53,0,24.03,18658.89213,39.728,986.27,1.4900000000
53,0,24.04,16380.85488,40.942,986.26,1.4199999999
53,0,24.03,17255.32489,42.17,986.27,1.9399999999
53,0,24.03,17862.12671,42.584,986.27,1.4400000000
53,0,24.01,15845.50631,43.194,986.3,1.5199999999
53,0,23.99,14469.81687,44.554,986.28,1.4400000000
53,0,23.97,14479.63801,45.849,986.27,1.4400000000
53,0,23.94,14519.05626,46.797,986.29,1.4400000000
53,0,23.91,13637.3322,47.724,986.28,1.5000000001
53,0,23.88,13380.7234,48.911,986.31,1.4400000000
53,0,23.84,13247.77479,50.094,986.29,1.4400000000
54,0,23.5,38357.80641,53.256,986.36,1.4699999999
54,0,23.49,11962.61682,53.944,986.34,1.4699999999
54,0,23.49,12583.56272,54.416,986.34,1.3900000000
54,0,23.49,13272.50104,54.81,986.35,1.3999999999
54,0,23.48,13760.48162,54.781,986.34,1.5100000000
54,0,23.46,13628.6201,54.86,986.37,1.4500000001
54,0,23.45,13422.81879,55.142,986.37,1.3999999999
54,0,23.43,13214.94941,55.557,986.35,1.4300000001
54,0,23.41,13280.76364,56.029,986.35,1.3999999999
54,0,23.39,13313.9172,56.404,986.36,1.3900000000
54,0,23.37,13297.31976,56.754,986.36,1.3200000000
54,0,23.35,13109.3814,57.111,986.37,1.4900000000
54,0,23.33,13085.25864,57.451,986.39,1.4300000001
54,0,23.31,12918.85345,57.802,986.39,1.4600000000
54,0,23.29,12658.22785,58.176,986.37,1.4300000001
55,0,24.69,48586.06946,44.045,986.33,1.0500000001
55,0,24.67,11118.83252,41.982,986.34,1.4400000000
55,0,24.66,10495.24434,43.055,986.33,1.4400000000
55,0,24.65,10631.22924,45.55,986.35,1.3600000001
55,0,24.64,12237.09369,47.294,986.33,1.4199999999
55,0,24.63,12726.18811,48.112,986.35,1.3600000001
55,0,24.62,12436.84415,48.808,986.34,1.0899999999
55,0,24.6,12265.23572,49.579,986.37,1.3499999999
55,0,24.59,12458.63344,50.206,986.37,1.3100000001
55,0,24.56,12749.00398,50.641,986.33,1.3299999999
55,0,24.54,12958.08868,50.951,986.33,1.2200000001
55,0,24.52,12764.26007,51.181,986.34,1.3100000001
55,0,24.49,12787.21279,51.343,986.35,1.2900000001
55,0,24.46,13338.8912,51.246,986.33,1.3700000000
55,0,24.44,14568.63191,50.771,986.34,1.4400000000
56,0,24.18,48724.78112,47.782,986.32,1.7100000001
56,0,24.18,16256.03251,47.157,986.33,1.7499999999
56,0,24.17,16675.35175,47.317,986.34,1.6400000001
56,0,24.17,16469.37725,47.677,986.36,1.5600000000
56,0,24.16,16096.57948,48.007,986.35,1.3499999999
56,0,24.15,15880.8933,48.419,986.31,1.3499999999
56,0,24.13,15988.00899,48.824,986.34,1.3999999999
56,0,24.11,16482.10147,49.086,986.34,1.4100000000
56,0,24.09,19058.96367,48.953,986.34,1.3900000000
56,0,24.07,20806.24187,48.083,986.33,1.3600000001
56,0,24.05,19388.06422,47.419,986.33,1.4699999999
56,0,24.03,18012.94681,47.439,986.34,1.4400000000
56,0,24.01,17567.93851,47.839,986.34,1.4400000000
56,0,23.99,17424.44868,48.307,986.32,1.5600000000
56,0,23.97,17381.85769,48.756,986.32,1.3999999999
57,0,27.1,44943.82022,38.991,986.28,1.4400000000
57,0,27.09,10454.09997,40.392,986.29,1.4400000000
57,0,27.07,10705.92171,41.764,986.29,1.4400000000
57,0,27.04,13646.05544,42.06,986.29,1.4400000000
57,0,27,15477.62999,40.943,986.3,1.5100000000
57,0,26.94,17213.55568,39.891,986.28,1.3800000001
57,0,26.88,18740.84919,38.942,986.3,1.4699999999
57,0,26.82,19857.27583,38.177,986.28,1.3999999999
57,0,26.76,20565.5527,37.438,986.3,1.3800000001
57,0,26.7,21368.94825,36.83,986.31,1.3499999999
57,0,26.63,21607.02228,36.481,986.29,1.3999999999
57,0,26.57,21476.51007,36.398,986.3,1.3600000001
57,0,26.51,20291.69309,36.598,986.29,1.3800000001
57,0,26.45,20100.50251,36.738,986.3,1.4100000000
57,0,26.4,20665.15983,36.782,986.28,1.4400000000
58,0,25.78,60079.79348,38.145,986.27,1.4600000000
58,0,25.77,17877.09497,38.166,986.26,1.5199999999
58,0,25.76,19530.05798,38.179,986.29,1.3000000000
58,0,25.74,22881.65892,37.734,986.29,1.5899999999
58,0,25.71,19765.28721,37.416,986.28,1.8900000000
58,0,25.68,16793.49252,38.281,986.29,1.9300000000
58,0,25.64,16967.12619,39.4,986.29,2.2400000000
58,0,25.59,17353.57918,39.962,986.29,1.8900000000
58,0,25.54,16980.63147,40.543,986.28,1.7299999999
58,0,25.49,16994.15826,41.206,986.27,2.0000000000
58,0,25.43,17611.44744,41.784,986.27,1.2599999999
58,0,25.38,17847.18349,42.081,986.26,1.1300000000
58,0,25.32,17495.8994,42.477,986.27,1.2400000001
58,0,25.26,20006.25195,42.62,986.29,1.1899999999
58,0,25.2,25152.28925,41.647,986.3,1.0699999999
59,0,28.74,44614.84838,28.072,986.23,3.3800000001
59,0,28.72,12272.29147,27.441,986.24,3.1899999992
59,0,28.7,16368.28645,27.147,986.25,2.0599999999
59,0,28.67,15916.4387,27.35,986.23,1.4400000000
59,0,28.61,14568.63191,28.796,986.25,1.9899999999
59,0,28.56,12841.09149,31.402,986.27,1.4600000000
59,0,28.49,12146.51737,34.292,986.26,1.4400000000
59,0,28.42,11539.84854,36.89,986.26,1.4400000000
59,0,28.34,10847.45763,39.183,986.25,1.1100000000
59,0,28.26,10362.6943,41.357,986.28,1.4400000000
59,0,28.17,9993.753904,43.26,986.28,1.4600000000
59,0,28.08,9947.155735,44.901,986.26,1.7999999999
59,0,28,9919.404836,46.206,986.28,1.4400000000
59,0,27.92,9782.940997,47.352,986.27,1.4400000000
59,0,27.84,9837.073471,48.335,986.28,1.6799999999
60,0,26.26,29602.22017,53.656,986.35,1.5399999999
60,0,26.25,9083.167755,53.357,986.34,1.9399999999
60,0,26.23,10213.85254,53.215,986.36,1.9399999999
60,0,26.21,10759.9193,53.259,986.34,1.5500000001
60,0,26.18,11049.72376,53.352,986.36,1.3600000001
60,0,26.15,11095.70042,53.582,986.35,1.3299999999
60,0,26.11,11440.82946,53.85,986.38,1.3100000001
60,0,26.07,11704.46233,54.023,986.33,1.3600000001
60,0,26.03,12546.5595,54.085,986.35,1.3000000000
60,0,25.98,12872.08367,53.993,986.37,1.2099999999
60,0,25.93,13029.31596,53.947,986.35,1.2000000000
60,0,25.89,13013.42009,53.968,986.37,1.1399999999
60,0,25.84,13037.27847,53.979,986.38,1.4400000000
60,0,25.79,12958.08868,54.061,986.35,1.6300000000
60,0,25.74,12794.88205,54.267,986.37,1.4800000001
61,0,26.03,52212.93086,33.44,986.26,1.4400000000
61,0,26.05,15377.22249,32.942,986.26,1.4400000000
61,0,26.09,19352.88781,32.605,986.26,1.4400000000
61,0,26.13,20887.72846,32.61,986.29,1.4400000000
61,0,26.16,22284.12256,32.757,986.29,1.4400000000
61,0,26.19,22260.86957,33.075,986.28,1.7400000000
61,0,26.2,20969.85583,33.656,986.29,1.4699999999
61,0,26.21,19335.34743,34.733,986.27,0.9600000001
61,0,26.21,18940.51495,36.087,986.27,1.7499999999
61,0,26.22,18306.63616,37.436,986.3,1.7400000000
61,0,26.21,18166.33551,38.642,986.29,1.4500000001
61,0,26.21,17862.12671,39.8,986.27,1.2599999999
61,0,26.21,18577.64877,40.885,986.28,1.1899999999
61,0,26.2,19601.83767,41.581,986.29,1.7400000000
61,0,26.2,21241.28775,41.779,986.3,1.4500000001
62,0,29.1,40467.91021,29.345,986.33,1.4400000000
62,0,29.09,10165.18424,29.587,986.34,1.4400000000
62,0,29.09,12237.09369,30.32,986.35,1.4400000000
62,0,29.08,13305.61331,31.159,986.35,1.5300000000
62,0,29.06,14770.36695,32.012,986.35,1.5000000001
62,0,29.03,14977.76738,32.792,986.36,1.1500000001
62,0,29,15234.46798,33.836,986.36,1.7600000001
62,0,28.95,15545.29998,34.849,986.35,1.8300000001
62,0,28.91,15670.91087,35.686,986.33,2.1000000000
62,0,28.85,15647.92176,36.356,986.36,1.4400000000
62,0,28.79,16024.03605,36.827,986.33,1.4400000000
62,0,28.73,16305.73248,37.193,986.34,1.2400000001
62,0,28.67,16418.67624,37.523,986.36,1.4400000000
62,0,28.61,16610.43343,37.844,986.36,1.8600000000
62,0,28.54,16571.7245,38.148,986.36,1.4400000000
63,0,24.81,49660.52376,39.488,986.29,1.3400000000
63,0,24.8,13822.89417,39.335,986.27,1.9700000001
63,0,24.8,16584.60741,38.901,986.27,1.7000000000
63,0,24.79,17922.15066,38.929,986.28,1.7999999999
63,0,24.78,18012.94681,39.416,986.26,1.5899999999
63,0,24.77,17185.8217,40.355,986.29,1.0699999999
63,0,24.75,16967.12619,41.456,986.3,1.1500000001
63,0,24.73,16926.73896,42.518,986.3,1.3900000000
63,0,24.71,15857.28444,43.55,986.31,1.1200000001
63,0,24.68,13840.83045,44.802,986.3,1.7900000000
63,0,24.66,12650.72149,46.263,986.29,1.4400000000
63,0,24.63,11627.90698,47.672,986.31,1.3800000001
63,0,24.61,11224.13188,49.009,986.33,1.2900000001
63,0,24.58,11061.18216,50.186,986.32,1.1899999999
63,0,24.55,11084.17042,51.175,986.31,1.5199999999
64,0,24.2,33746.3749,54.627,986.33,0.1200000000
64,0,24.2,12598.4252,53.724,986.32,1.8800000001
64,0,24.2,14115.57124,53.054,986.32,1.4400000000
64,0,24.2,14190.68736,52.684,986.32,1.4400000000
64,0,24.19,16456.67267,52.361,986.33,1.4400000000
64,0,24.18,16133.09806,51.298,986.32,1.3299999999
64,0,24.17,16355.73729,50.793,986.31,1.4600000000
64,0,24.15,18401.3801,49.959,986.34,1.0400000000
64,0,24.13,18353.88586,49.168,986.31,1.6400000001
64,0,24.12,19196.16077,48.679,986.31,1.4699999999
64,0,24.1,21136.06341,48.107,986.32,1.5100000000
64,0,24.08,24432.14354,47.254,986.32,1.3200000000
64,0,24.06,26364.57261,46.26,986.33,1.3100000001
64,0,24.04,28064.02105,45.365,986.32,1.3100000001
64,0,24.02,29237.09456,44.587,986.32,1.2400000001
65,0,23.02,78769.23077,31.787,986.14,1.4400000000
65,0,23.02,13585.22607,33.657,986.18,1.4400000000
65,0,23.04,16597.51037,35.196,986.15,1.4400000000
65,0,23.06,18626.30966,36.265,986.15,1.4400000000
65,0,23.07,20408.16327,37.401,986.15,1.4400000000
65,0,23.08,23765.31749,38.318,986.12,1.5000000001
65,0,23.09,25376.68517,38.685,986.14,1.4400000000
65,0,23.1,27645.78834,38.969,986.15,1.5500000001
65,0,23.12,28306.05927,39.183,986.13,1.3100000001
65,0,23.13,29438.82245,39.404,986.13,1.3000000000
65,0,23.15,30231.45961,39.604,986.13,1.3200000000
65,0,23.17,31022.78236,39.745,986.16,1.4199999999
65,0,23.2,32266.19612,39.641,986.16,1.4199999999
65,0,23.22,34538.58608,39.33,986.15,1.4100000000
65,0,23.25,36056.33803,38.97,986.17,1.3600000001
66,0,23.34,119069.7674,38.488,986.18,1.4400000000
66,0,23.34,28533.21444,38.109,986.2,1.4400000000
66,0,23.36,25775.27185,38.21,986.2,1.4900000000
66,0,23.39,26026.84018,39.092,986.17,1.4400000000
66,0,23.43,26042.72635,40.119,986.18,1.7499999999
66,0,23.47,27898.86661,40.935,986.19,1.5899999999
66,0,23.51,29871.64527,41.392,986.18,1.6799999999
66,0,23.56,30188.67925,41.58,986.2,1.3600000001
66,0,23.6,28939.63373,41.854,986.21,1.3100000001
66,0,23.65,28822.33731,42.075,986.2,1.3999999999
66,0,23.69,27645.78834,42.168,986.19,1.3800000001
66,0,23.73,26611.22661,42.692,986.2,1.3999999999
66,0,23.76,28822.33731,42.754,986.23,1.3400000000
66,0,23.79,31364.86155,42.256,986.21,1.5600000000
66,0,23.81,33560.56633,41.471,986.2,1.6700000000
67,0,23.27,103101.0874,33.123,986.23,1.4400000000
67,0,23.27,20043.84591,35.405,986.21,1.4400000000
67,0,23.29,22808.268,36.766,986.2,0.7300000000
67,0,23.31,25093.119,37.674,986.23,1.7700000000
67,0,23.33,25837.7069,38.486,986.22,1.1899999999
67,0,23.35,27032.73495,39.198,986.23,1.4500000001
67,0,23.36,28119.50791,39.749,986.24,1.1800000000
67,0,23.37,28457.09204,40.263,986.23,1.1300000000
67,0,23.38,28419.18295,40.829,986.22,1.0800000000
67,0,23.38,26744.67196,41.453,986.25,1.2900000001
67,0,23.39,24758.2205,42.299,986.25,1.2900000001
67,0,23.39,23952.09581,43.21,986.24,1.3900000000
67,0,23.4,22614.84099,44.119,986.24,1.1000000001
67,0,23.4,21052.63158,45.151,986.26,1.0899999999
67,0,23.4,20233.95511,46.254,986.27,0.5999999999
68,0,23.21,52437.5256,47.134,986.32,1.4400000000
68,0,23.21,13053.23271,50.045,986.3,1.2300000000
68,0,23.22,13516.36748,51.578,986.3,1.4400000000
68,0,23.23,12895.42615,52.541,986.28,1.8100000000
68,0,23.25,11704.46233,53.677,986.29,1.4300000001
68,0,23.26,11379.80085,54.753,986.28,1.2200000001
68,0,23.26,11640.59658,55.553,986.29,1.8499999999
68,0,23.27,12779.55272,55.886,986.29,1.5399999999
68,0,23.27,13831.85649,55.8,986.3,1.2099999999
68,0,23.27,15647.92176,55.354,986.29,1.3800000001
68,0,23.27,17862.12671,54.574,986.29,1.0300000001
68,0,23.27,19801.9802,53.616,986.29,1.4500000001
68,0,23.27,19423.36874,52.861,986.29,1.5300000000
68,0,23.27,17510.25992,52.67,986.29,1.7400000000
68,0,23.27,16753.9267,52.831,986.29,1.5500000001
69,0,22.15,67279.89488,32.874,986.2,1.1100000000
69,0,22.16,17967.43403,32.792,986.22,0.6600000000
69,0,22.17,25301.44297,32.663,986.2,1.1300000000
69,0,22.19,31113.27175,32.954,986.23,1.1600000000
69,0,22.2,36676.21777,33.621,986.24,1.4400000000
69,0,22.21,41857.42315,33.902,986.23,1.1399999999
69,0,22.22,46159.39416,33.726,986.22,1.4400000000
69,0,22.22,50572.89609,33.435,986.23,1.0800000000
69,0,22.23,53590.11932,33.108,986.23,1.1399999999
69,0,22.23,56201.97585,32.901,986.23,1.1300000000
69,0,22.23,58675.22347,32.721,986.23,1.1500000001
69,0,22.22,60634.77025,32.549,986.24,1.4400000000
69,0,22.22,62271.9533,32.385,986.24,1.4400000000
69,0,22.22,63856.32327,32.244,986.24,1.3499999999
69,0,22.22,65073.71632,32.124,986.21,1.1399999999
70,0,22.02,251473.4774,32.253,986.17,1.4400000000
70,0,22.02,47716.6822,32.542,986.19,1.4400000000
70,0,22.03,53090.00415,32.723,986.17,1.4400000000
70,0,22.04,57066.42889,33.029,986.22,1.4400000000
70,0,22.06,59869.03648,33.198,986.2,1.4400000000
70,0,22.06,60420.10857,33.67,986.22,1.4400000000
70,0,22.08,62500,34.068,986.21,1.1200000001
70,0,22.09,63007.62983,34.168,986.21,0.9800000001
70,0,22.11,61955.46951,34.809,986.21,1.0400000000
70,0,22.13,63194.27302,35.417,986.2,1.1100000000
70,0,22.15,64728.19216,35.402,986.2,1.1500000001
70,0,22.18,65523.4195,35.195,986.24,0.6100000000
70,0,22.21,64925.18387,35.355,986.22,1.3499999999
70,0,22.25,64826.53836,35.588,986.23,1.2700000000
70,0,22.28,63856.32327,35.751,986.22,1.1700000001
71,0,22.65,214091.5743,33.497,986.25,1.4400000000
71,0,22.66,41653.10771,33.745,986.23,1.4400000000
71,0,22.68,48283.66654,34.334,986.23,1.4400000000
71,0,22.72,50542.94176,35.167,986.22,1.4400000000
71,0,22.75,50483.13942,36.703,986.26,0.0099999999
71,0,22.77,49145.70935,38.619,986.26,0.2899999999
71,0,22.8,48669.20152,40.287,986.26,0.7399999999
71,0,22.81,50753.37034,41.463,986.25,1.1600000000
71,0,22.83,53792.81362,41.755,986.26,1.4500000001
71,0,22.84,54479.67653,41.663,986.25,1.7400000000
71,0,22.85,54202.83718,41.942,986.27,1.9300000000
71,0,22.86,53758.92482,42.353,986.26,2.0900000001
71,0,22.86,54444.91706,42.341,986.26,2.2300000001
71,0,22.86,56239.01582,41.808,986.26,2.3800000007
71,0,22.85,57257.88414,41.269,986.27,2.4899999991
72,0,22.65,211570.2479,36.073,986.25,1.4400000000
72,0,22.65,42524.91694,36.017,986.24,1.4400000000
72,0,22.66,49689.44099,36.145,986.25,1.7700000000
72,0,22.67,55399.26423,35.8,986.26,1.4400000000
72,0,22.67,59659.75297,35.148,986.24,2.6200000011
72,0,22.68,62591.68704,34.555,986.24,2.7699999996
72,0,22.68,64777.32794,34.135,986.24,2.6599999989
72,0,22.68,65725.28883,33.837,986.25,1.4400000000
72,0,22.68,65073.71632,34.026,986.25,1.1600000000
72,0,22.68,65173.11609,34.566,986.25,0.9999999999
72,0,22.68,66597.29448,34.804,986.25,1.0400000000
72,0,22.67,68522.48394,34.555,986.24,1.1899999999
72,0,22.67,69077.17215,34.185,986.25,1.0100000000
72,0,22.67,68303.09498,34.107,986.23,0.9900000000
72,0,22.66,68085.10638,34.329,986.25,0.8900000001
73,0,22.51,251473.4774,33.176,986.27,1.2400000001
73,0,22.52,48120.30075,33.189,986.26,1.2200000001
73,0,22.53,54900.27879,33.222,986.27,1.2900000001
73,0,22.55,60249.47046,33.054,986.24,1.1700000001
73,0,22.56,63904.14378,32.778,986.24,1.2200000001
73,0,22.57,66963.11797,32.484,986.23,1.2599999999
73,0,22.58,68632.70777,32.269,986.23,1.1100000000
73,0,22.58,69983.59759,32.165,986.22,1.3700000000
73,0,22.59,71628.42753,32.046,986.25,1.1700000001
73,0,22.59,72541.79654,31.911,986.24,1.2300000000
73,0,22.6,73605.52041,31.792,986.23,1.1100000000
73,0,22.6,74245.93968,31.696,986.23,1.1200000001
73,0,22.6,75029.30832,31.598,986.23,1.2700000000
73,0,22.59,75896.82775,31.493,986.24,1.1899999999
73,0,22.59,76304.02385,31.4,986.23,1.2599999999
74,0,22.23,243230.4038,32.322,986.23,1.3600000001
74,0,22.24,42022.32436,32.349,986.26,1.3200000000
74,0,22.25,49545.19063,32.318,986.24,1.3000000000
74,0,22.26,54444.91706,32.406,986.25,1.3499999999
74,0,22.27,58918.29689,32.473,986.23,1.3499999999
74,0,22.27,62454.25714,32.479,986.22,1.6300000000
74,0,22.27,64144.32473,32.522,986.22,1.2599999999
74,0,22.27,66338.42964,32.723,986.22,1.3100000001
74,0,22.27,67706.95583,32.736,986.22,1.0199999999
74,0,22.27,68687.95278,32.773,986.23,1.2099999999
74,0,22.27,69470.82768,32.883,986.24,1.0400000000
74,0,22.26,70329.67033,32.974,986.24,1.1000000001
74,0,22.26,70914.12742,33.022,986.25,1.2099999999
74,0,22.25,71930.3175,33.132,986.23,1.3499999999
74,0,22.24,72295.96159,33.185,986.25,1.0199999999
75,0,22.02,262496.7957,32.994,986.22,1.1399999999
75,0,22.03,48147.45157,32.975,986.22,1.1200000001
75,0,22.04,55041.92647,32.865,986.25,1.1800000000
75,0,22.06,60634.77025,32.712,986.22,1.1899999999
75,0,22.07,63713.29019,32.582,986.23,1.0300000001
75,0,22.08,65979.38144,32.605,986.23,1.2099999999
75,0,22.1,67068.37831,32.808,986.22,1.1700000001
75,0,22.11,68357.81041,33.082,986.23,1.2000000000
75,0,22.11,69414.3167,33.148,986.21,1.1800000000
75,0,22.12,71269.48775,33.155,986.23,0.9900000000
75,0,22.13,72789.30907,33.045,986.23,1.2300000000
75,0,22.13,73542.08561,32.854,986.23,1.3100000001
75,0,22.13,75095.33588,32.614,986.23,1.2200000001
75,0,22.13,75493.95459,32.385,986.23,1.1399999999
75,0,22.13,76235.85468,32.179,986.23,1.2500000000
76,0,21.96,278336.5045,33.014,986.24,1.6000000000
76,0,21.96,49516.44101,33.075,986.24,1.6500000000
76,0,21.98,56876.24972,33.045,986.23,1.7299999999
76,0,21.99,61776.06178,32.929,986.24,1.6599999999
76,0,22,65473.14578,32.787,986.25,1.8699999999
76,0,22.01,68139.47298,32.639,986.23,1.2500000000
76,0,22.02,70387.68216,32.547,986.24,1.4400000000
76,0,22.03,71091.36351,32.571,986.22,1.3999999999
76,0,22.03,71869.7361,32.675,986.22,1.5399999999
76,0,22.04,73101.08509,32.729,986.2,1.5100000000
76,0,22.04,73669.06475,32.712,986.26,1.5300000000
76,0,22.04,74766.35514,32.664,986.26,2.2600000000
76,0,22.04,74897.60094,32.637,986.25,1.5500000001
76,0,22.04,75227.74023,32.631,986.25,2.1400000000
76,0,22.04,76099.88109,32.653,986.25,2.0099999999
